{
  "model_type": "phase_mahalanobis_kinematic_scorer",
  "manifest": "the_seal_manifest.jsonl",
  "split": "all",
  "num_fit_clips": 8,
  "phase_scheme": "cyclic4",
  "phase_names": [
    "READY",
    "OUTBOUND",
    "APEX",
    "RETURN"
  ],
  "feature_set": "hip_knee",
  "feature_names": [
    "hip_angle",
    "knee_angle",
    "hip_velocity",
    "knee_velocity"
  ],
  "smooth_kernel": 5,
  "covariance_mode": "full",
  "shrinkage": 0.2,
  "eps": 0.001,
  "pass_quantile": 0.8,
  "warn_quantile": 0.95,
  "phases": {
    "READY": {
      "phase_idx": 0,
      "n_samples": 171,
      "mean": [
        43.03663046533885,
        75.46510143443034,
        0.027084800182199067,
        0.11071684794959079
      ],
      "cov": [
        [
          5.517401061243452,
          -2.2035598776294614,
          0.11379296682835822,
          -0.38923490546101
        ],
        [
          -2.2035598776294614,
          13.654585898133586,
          -0.15092094985550847,
          0.5299706075883022
        ],
        [
          0.11379296682835822,
          -0.15092094985550847,
          0.026870788017921962,
          -0.02813140947765231
        ],
        [
          -0.38923490546101,
          0.5299706075883022,
          -0.02813140947765231,
          0.20081322962972978
        ]
      ],
      "inv_cov": [
        [
          0.22074883405103649,
          0.017994211273718648,
          -0.5103869636852141,
          0.30888823369638574
        ],
        [
          0.017994211273718683,
          0.08480351214947983,
          0.23707789089835235,
          -0.15571712364871662
        ],
        [
          -0.5103869636852163,
          0.23707789089835282,
          45.723096335522534,
          4.790274086676062
        ],
        [
          0.30888823369638563,
          -0.15571712364871637,
          4.790274086676088,
          6.660481211230424
        ]
      ],
      "pass_threshold": 5.620653339454726,
      "warn_threshold": 10.55043917660334,
      "train_score_mean": 3.6900931735642937,
      "train_score_p50": 2.3265026560027886,
      "train_score_p80": 5.620653339454726,
      "train_score_p95": 10.55043917660334,
      "train_score_max": 28.21816291110695
    },
    "OUTBOUND": {
      "phase_idx": 1,
      "n_samples": 443,
      "mean": [
        43.8901666220782,
        84.84091423610221,
        -0.07532928424235702,
        0.3560888740656667
      ],
      "cov": [
        [
          30.396404562627225,
          -33.23346253406162,
          0.5683416602789791,
          1.0759313176287948
        ],
        [
          -33.23346253406162,
          176.4704415280455,
          -2.182884511847741,
          3.3397967531089727
        ],
        [
          0.5683416602789791,
          -2.182884511847741,
          0.7328084090920001,
          -0.3900437252113932
        ],
        [
          1.0759313176287948,
          3.3397967531089727,
          -0.3900437252113932,
          4.489727357621151
        ]
      ],
      "inv_cov": [
        [
          0.04281591110145641,
          0.008175113488445351,
          -0.018403661927072962,
          -0.017940606092865092
        ],
        [
          0.00817511348844536,
          0.007482979385636075,
          0.012523465482469224,
          -0.006437538284973284
        ],
        [
          -0.018403661927072913,
          0.012523465482469237,
          1.482112830881306,
          0.12385252206172782
        ],
        [
          -0.0179406060928651,
          -0.00643753828497328,
          0.12385252206172778,
          0.2425783887851854
        ]
      ],
      "pass_threshold": 6.389382754078674,
      "warn_threshold": 18.087142635798113,
      "train_score_mean": 3.7903520512914053,
      "train_score_p50": 0.5558263908702923,
      "train_score_p80": 6.389382754078674,
      "train_score_p95": 18.087142635798113,
      "train_score_max": 25.724942392563655
    },
    "APEX": {
      "phase_idx": 2,
      "n_samples": 152,
      "mean": [
        35.1447556486649,
        85.52805282826758,
        -0.23312157740067638,
        -0.6994818409164781
      ],
      "cov": [
        [
          57.01852575055275,
          24.807753580902872,
          0.7534728499636796,
          -1.6998384200482661
        ],
        [
          24.807753580902872,
          276.6847417135598,
          1.7304670083893203,
          0.42016031885778227
        ],
        [
          0.7534728499636796,
          1.7304670083893203,
          2.468108193093636,
          0.2130810126308934
        ],
        [
          -1.6998384200482661,
          0.42016031885778227,
          0.2130810126308934,
          5.256564957930103
        ]
      ],
      "inv_cov": [
        [
          0.01850559903394284,
          -0.0016372559458942152,
          -0.00504712719052525,
          0.00631969459955042
        ],
        [
          -0.0016372559458942152,
          0.003775178435961939,
          -0.002082594896638457,
          -0.0007467784261439725
        ],
        [
          -0.005047127190525247,
          -0.0020825948966384585,
          0.40973004271168106,
          -0.018074535393398497
        ],
        [
          0.0063196945995504196,
          -0.0007467784261439701,
          -0.01807453539339859,
          0.19307429372071036
        ]
      ],
      "pass_threshold": 5.1966414654037765,
      "warn_threshold": 10.885532697025937,
      "train_score_mean": 3.941804775611519,
      "train_score_p50": 3.22333135073088,
      "train_score_p80": 5.1966414654037765,
      "train_score_p95": 10.885532697025937,
      "train_score_max": 14.926511143402843
    },
    "RETURN": {
      "phase_idx": 3,
      "n_samples": 645,
      "mean": [
        45.99002457041035,
        77.51066430073308,
        0.11994658782706656,
        -0.027470901142553385
      ],
      "cov": [
        [
          21.740866693588146,
          -19.88618777763417,
          -0.41568109620607063,
          -0.23160665851475157
        ],
        [
          -19.88618777763417,
          100.34410222080604,
          0.08218206187957366,
          0.1187334284706749
        ],
        [
          -0.41568109620607063,
          0.08218206187957366,
          0.6042664075570325,
          -0.3417893266979011
        ],
        [
          -0.23160665851475157,
          0.1187334284706749,
          -0.3417893266979011,
          1.588274492407877
        ]
      ],
      "inv_cov": [
        [
          0.05746891272247684,
          0.011328619154530175,
          0.048109754826302524,
          0.01788639048070817
        ],
        [
          0.011328619154530184,
          0.012201928030628842,
          0.007460067704762186,
          0.002345172962654891
        ],
        [
          0.0481097548263025,
          0.007460067704762195,
          1.924936337160368,
          0.4206952122888139
        ],
        [
          0.017886390480708163,
          0.002345172962654893,
          0.4206952122888139,
          0.7225786824286634
        ]
      ],
      "pass_threshold": 5.881508066586979,
      "warn_threshold": 15.485528216307799,
      "train_score_mean": 3.795228816838104,
      "train_score_p50": 1.787670775067073,
      "train_score_p80": 5.881508066586979,
      "train_score_p95": 15.485528216307799,
      "train_score_max": 31.279905662107247
    }
  },
  "fit_clips": [
    {
      "clip_id": "keypoints_필라테스_가산_A_Mat_The Seal_고급_actorP072_20220921_15.53.06",
      "actor": "actorP072",
      "start_frame": 238,
      "end_frame": 444,
      "phase_counts": {
        "READY": 37,
        "OUTBOUND": 81,
        "APEX": 21,